{
  "Total" : {
    "transaction" : "Total",
    "sampleCount" : 250,
    "errorCount" : 0,
    "errorPct" : 0.0,
    "meanResTime" : 3.012,
    "medianResTime" : 2.0,
    "minResTime" : 0.0,
    "maxResTime" : 38.0,
    "pct1ResTime" : 6.0,
    "pct2ResTime" : 7.0,
    "pct3ResTime" : 23.37000000000012,
    "throughput" : 25.78116943384552,
    "receivedKBytesPerSec" : 5.211623117974632,
    "sentKBytesPerSec" : 5.211623117974632
  },
  "Actualizar Peso" : {
    "transaction" : "Actualizar Peso",
    "sampleCount" : 250,
    "errorCount" : 0,
    "errorPct" : 0.0,
    "meanResTime" : 3.012,
    "medianResTime" : 2.0,
    "minResTime" : 0.0,
    "maxResTime" : 38.0,
    "pct1ResTime" : 6.0,
    "pct2ResTime" : 7.0,
    "pct3ResTime" : 23.37000000000012,
    "throughput" : 25.78116943384552,
    "receivedKBytesPerSec" : 5.211623117974632,
    "sentKBytesPerSec" : 5.211623117974632
  }
}